jacob,112227
noah,107552
mason,104642
william,100397
ethan,99209
liam,95953
michael,95382
alexander,92346
jayden,89352
daniel,86874
aiden,86204
james,83105
elijah,82667
matthew,81038
benjamin,79108
logan,78253
anthony,77234
david,76075
joseph,74916
joshua,74143
jackson,73601
andrew,72877
christopher,70008
gabriel,69586
samuel,67484
lucas,67355
john,64826
ryan,61771
dylan,60974
nathan,59426
isaac,58874
caleb,57905
carter,56924
christian,56852
luke,56787
jonathan,54850
landon,54372
owen,52616
jack,50366
wyatt,50229
henry,50055
hunter,48696
isaiah,48159
brayden,46797
gavin,46617
nicholas,46011
sebastian,46007
evan,45921
julian,45703
tyler,44521
aaron,44357
jordan,44332
eli,44282
oliver,44238
levi,43490
connor,43461
jeremiah,43249
cameron,42634
charles,42432
angel,41997
thomas,41739
adrian,41650
robert,40808
brandon,40486
austin,39441
jaxon,38081
kevin,37047
jose,36715
colton,36355
zachary,35921
josiah,35262
dominic,35233
chase,34504
ayden,33991
jason,33832
justin,33378
ian,32987
parker,32100
grayson,31948
adam,31512
blake,31105
xavier,30848
cooper,30568
bentley,29590
jace,29068
carson,28458
nolan,27922
nathaniel,27808
brody,26832
hudson,26399
tristan,25806
luis,25789
juan,25477
easton,25224
kayden,24221
carlos,23243
jaxson,23213
asher,22886
cole,22835
jesus,22733
ryder,22453
vincent,22340
alex,22095
micah,22081
max,21882
lincoln,21727
bryson,21628
damian,21521
diego,21168
eric,21138
hayden,20838
elias,20346
miles,20269
maxwell,20167
bryce,19567
giovanni,19162
leo,19072
mateo,18954
santiago,18777
camden,18627
bryan,18607
timothy,18567
antonio,18554
aidan,18404
jaden,18356
steven,18203
sawyer,18120
colin,18102
leonardo,18097
ivan,18049
ashton,17983
kaleb,17846
miguel,17741
richard,17719
braxton,17507
jonah,17252
kaden,17212
roman,17210
brian,17163
kyle,17115
riley,17027
alejandro,16886
victor,16872
preston,16860
joel,16837
kaiden,16765
wesley,16712
patrick,16574
jesse,16236
marcus,16191
declan,16180
edward,16013
axel,15926
sean,15868
ezra,15727
jake,15724
silas,15695
george,15590
jeremy,15581
brady,15568
caden,15513
emmanuel,15229
jude,14979
grant,14946
alan,14696
greyson,14651
theodore,14588
harrison,14461
maddox,14382
weston,14356
malachi,14272
oscar,14070
cayden,13796
brantley,13677
bradley,13455
mark,13453
kenneth,13167
jayce,13064
nicolas,12936
emmett,12919
gage,12918
abraham,12808
ezekiel,12771
kai,12656
kingston,12652
abel,12579
jase,12555
tucker,12499
jameson,12349
devin,12220
paul,12177
derek,12162
rylan,12152
calvin,12132
peyton,12058
tanner,12039
avery,12024
everett,11964
bennett,11905
ryker,11857
