michael,833402,lisa,496980,michael,707737,jennifer,581791,michael,663592,jessica,469439,michael,462289,jessica,303069,jacob,273690,emily,223612,jacob,112227,sophia,121787
david,734169,mary,355223,christopher,475669,amy,269009,christopher,554793,jennifer,440836,christopher,360187,ashley,301789,michael,250420,madison,193081,noah,107552,emma,119168
john,713653,susan,287661,jason,462954,melissa,253291,matthew,458894,amanda,369698,matthew,351585,emily,237216,joshua,231808,emma,181174,mason,104642,isabella,111984
james,684986,karen,286044,david,446004,michelle,249140,joshua,396533,ashley,352147,joshua,329097,sarah,224253,matthew,221443,olivia,155951,william,100397,olivia,109329
robert,650975,kimberly,259092,james,444982,kimberly,229112,david,383610,sarah,272559,jacob,298279,samantha,223982,daniel,203602,hannah,155626,ethan,99209,ava,93595
mark,441513,patricia,231137,john,402879,lisa,228676,james,356362,stephanie,218131,nicholas,275275,amanda,191056,christopher,203184,abigail,150814,liam,95953,emily,79590
william,421610,linda,225412,robert,397452,angela,225222,daniel,345414,melissa,217896,andrew,272795,brittany,190810,andrew,202363,isabella,149436,michael,95382,abigail,76894
richard,374010,donna,213457,brian,322870,heather,203939,robert,321598,nicole,210456,daniel,272154,elizabeth,172595,ethan,201701,samantha,134216,alexander,92346,mia,75583
thomas,327231,michelle,208285,william,283588,stephanie,160470,john,321034,elizabeth,198938,tyler,262260,taylor,169012,joseph,194583,elizabeth,133305,jayden,89352,madison,67825
jeffrey,302105,cynthia,196606,matthew,278010,nicole,144672,joseph,299367,heather,191841,joseph,260627,megan,160353,william,194237,ashley,132988,daniel,86874,elizabeth,58628
steven,290739,sandra,183812,joseph,244939,jessica,143495,jason,292016,tiffany,158610,brandon,259379,hannah,158764,anthony,191742,alexis,130712,aiden,86204,chloe,57522
joseph,283162,deborah,183434,daniel,244582,elizabeth,142869,justin,289755,michelle,153988,david,253542,kayla,155875,david,179703,sarah,124273,james,83105,ella,53439
timothy,276888,tammy,182218,kevin,212422,rebecca,137312,andrew,285013,amber,153935,james,244875,lauren,153564,alexander,178679,sophia,119166,elijah,82667,avery,50336
kevin,271514,pamela,181948,eric,211608,kelly,133568,ryan,278848,megan,153500,ryan,241176,stephanie,149801,nicholas,177512,alyssa,114402,matthew,81038,charlotte,49957
scott,266936,lori,176561,jeffrey,202965,mary,126279,william,248240,amy,150653,john,239998,rachel,149078,ryan,173147,grace,110645,benjamin,79108,sofia,49844
brian,258277,laura,174184,richard,202920,christina,125747,brian,233976,rachel,146657,zachary,225249,jennifer,148003,tyler,165465,ava,104485,logan,78253,addison,49157
charles,249488,elizabeth,168897,scott,194707,amanda,123940,brandon,232173,kimberly,146435,justin,220072,nicole,136084,james,162978,taylor,100930,anthony,77234,natalie,46303
paul,242587,julie,166151,mark,194442,julie,121949,jonathan,229906,christina,145982,william,217742,alexis,131175,john,160816,brianna,99704,david,76075,amelia,45643
daniel,242161,brenda,164483,steven,188214,sarah,118841,nicholas,223293,lauren,145137,anthony,216165,victoria,117440,jonathan,144690,lauren,97122,joseph,74916,grace,45213
christopher,237285,jennifer,164429,thomas,186901,laura,118216,anthony,211804,crystal,140998,robert,205394,amber,115590,noah,143348,chloe,96410,joshua,74143,evelyn,45112
kenneth,227552,barbara,159750,timothy,181367,shannon,113805,eric,204199,brittany,140838,jonathan,197416,alyssa,115243,brandon,142899,natalie,95028,jackson,73601,lily,44450
anthony,203192,angela,159251,anthony,174951,christine,103241,adam,195049,rebecca,136220,austin,190111,courtney,113275,christian,142285,kayla,94292,andrew,72877,aubrey,43488
gregory,187574,sharon,154887,charles,163117,tammy,98830,kevin,188638,laura,134569,alexander,183892,rebecca,109660,dylan,140032,jessica,90595,christopher,70008,victoria,42700
ronald,182192,debra,153776,joshua,140406,tracy,95538,thomas,177743,danielle,134359,kyle,180173,danielle,109564,samuel,138360,anna,90125,gabriel,69586,harper,42600
donald,172669,teresa,151770,ryan,139770,karen,95185,steven,177405,emily,131752,kevin,165160,jasmine,105298,benjamin,137151,victoria,84882,samuel,67484,lillian,41538
gary,166046,nancy,142707,jeremy,139357,dawn,92443,timothy,172811,samantha,121122,thomas,146568,brianna,99089,nathan,134738,mia,83451,lucas,67355,hannah,41014
stephen,152285,christine,139333,paul,136498,susan,88327,richard,154710,angela,116585,cody,146464,katherine,96858,zachary,134691,hailey,81921,john,64826,zoey,40559
eric,152262,cheryl,135650,andrew,133096,andrea,86433,jeremy,153418,erin,115814,jordan,144721,alexandra,94786,logan,133943,sydney,76411,ryan,61771,samantha,40205
edward,144022,denise,128834,gregory,115646,tina,84757,jeffrey,144781,kelly,109541,eric,135189,madison,91891,justin,122904,jasmine,75983,dylan,60974,brooklyn,39982
douglas,135047,kelly,128078,chad,113602,patricia,81118,kyle,141910,sara,104640,benjamin,133867,morgan,91182,gabriel,119711,julia,70840,nathan,59426,layla,37411
todd,128770,tina,126385,kenneth,111551,cynthia,80212,benjamin,141341,lisa,102597,aaron,128318,melissa,89976,jose,115660,morgan,70729,isaac,58874,zoe,36821
patrick,122772,kathleen,120967,jonathan,107996,lori,77784,aaron,138343,katherine,99154,christian,126011,michelle,86506,austin,112691,destiny,69704,caleb,57905,leah,35442
george,113063,melissa,119219,stephen,107880,rachel,77777,charles,131861,andrea,98241,samuel,125481,kelsey,85125,kevin,111003,rachel,68215,carter,56924,anna,33688
keith,112619,robin,118322,shawn,105831,april,76937,mark,129371,jamie,96549,dylan,122052,chelsea,84797,elijah,110272,ella,67429,christian,56852,hailey,33010
larry,108599,amy,116794,aaron,101539,maria,76132,jacob,124186,mary,95842,steven,121069,anna,78492,caleb,109980,kaitlyn,66874,luke,56787,allison,32954
matthew,106041,diane,114441,adam,91829,wendy,74188,stephen,113597,erica,93145,brian,119251,kimberly,77875,robert,106524,megan,66800,jonathan,54850,gabriella,32597
terry,101458,dawn,114291,patrick,91309,crystal,73763,patrick,111365,courtney,84298,jose,118978,tiffany,77526,thomas,102033,katherine,65319,landon,54372,alexis,32481
andrew,97199,carol,112341,justin,86586,stacy,69911,scott,108165,kristen,83219,timothy,107729,olivia,75879,jordan,101059,savannah,64677,owen,52616,audrey,32173
dennis,94992,tracy,103778,sean,83945,erin,67911,nathan,105962,shannon,78412,nathan,107285,mary,75550,cameron,95822,jennifer,63472,jack,50366,savannah,32094
randy,93889,kathy,101122,edward,83519,jamie,67853,paul,104339,april,75942,adam,106869,christina,74638,jack,95472,alexandra,61216,wyatt,50229,kaylee,31722
jerry,93574,rebecca,99468,todd,83384,carrie,66837,sean,103828,katie,72851,richard,94848,allison,74421,hunter,94787,allison,59943,henry,50055,sarah,30879
peter,92457,theresa,97120,donald,82475,tiffany,65164,travis,102915,lindsey,71935,patrick,92905,abigail,72753,jackson,94441,haley,57002,hunter,48696,riley,30799
frank,87181,kim,94381,ronald,81778,tara,65075,zachary,101809,kristin,70553,charles,92406,sara,72135,angel,94249,maria,56924,isaiah,48159,nevaeh,30786
craig,84739,rhonda,93607,benjamin,81386,sandra,64329,dustin,97308,lindsay,68483,sean,91984,shelby,71991,isaiah,92637,kaylee,56372,brayden,46797,aaliyah,30187
raymond,81816,stephanie,92825,keith,76741,monica,61678,gregory,93649,christine,67999,jason,91676,heather,71619,evan,92102,lily,56146,gavin,46617,camila,29666
jeffery,79524,cindy,91589,bryan,71405,danielle,60928,kenneth,89113,alicia,66961,cameron,81120,haley,71186,isaac,90633,makayla,54936,nicholas,46011,alyssa,29306
bruce,74679,janet,89311,gary,68301,stacey,59222,jose,86582,vanessa,65709,jeremy,77776,maria,70851,luke,90442,brooke,54652,sebastian,46007,claire,29221
rodney,72177,wendy,88970,jose,66369,pamela,58057,tyler,86434,maria,65665,mark,75791,kaitlyn,67562,mason,90433,nicole,54528,evan,45921,arianna,28965
mike,71458,maria,88666,nathan,65949,tonya,57792,jesse,85897,kathryn,62436,stephen,75135,laura,67204,jason,88482,mackenzie,54518,julian,45703,scarlett,28456
roger,71455,michele,86992,douglas,65212,sara,56961,alexander,81943,allison,62323,jesse,73764,erin,65326,jayden,88473,addison,51357,tyler,44521,alexa,28197
tony,70582,jacqueline,84374,nicholas,65123,michele,56565,bryan,80491,julie,61682,juan,70879,andrea,65216,gavin,88397,stephanie,49927,aaron,44357,taylor,27598
ricky,66375,debbie,84206,brandon,65115,teresa,56028,samuel,73406,anna,57288,alex,70802,natalie,63367,aaron,86854,lillian,49342,jordan,44332,ashley,27292
steve,65657,margaret,81869,george,64765,denise,55879,derek,72893,tara,56329,travis,68188,jordan,61742,connor,85946,andrea,49150,eli,44282,brianna,27021
jeff,62087,paula,80506,travis,64150,jill,55080,bradley,69339,kayla,55283,jeffrey,66981,brooke,60624,aiden,83477,zoe,48723,oliver,44238,peyton,26987
troy,61423,sherry,77521,peter,62373,katherine,54068,chad,69051,natalie,54417,ethan,66906,julia,59929,aidan,76465,faith,48709,levi,43490,bella,25699
alan,61422,catherine,76793,craig,58831,melanie,53326,shawn,65584,victoria,53251,caleb,66263,emma,58139,kyle,76112,kimberly,48461,connor,43461,ariana,25305
carl,60804,carolyn,75264,bradley,58720,dana,51362,edward,60811,monica,51852,luis,64714,vanessa,57903,juan,75805,madeline,48263,jeremiah,43249,kylie,25210
danny,60723,laurie,74452,larry,58161,holly,50467,jared,60286,jacqueline,51550,jared,63771,erica,55754,charles,75287,alexa,48092,cameron,42634,khloe,24839
russell,60465,sheila,74071,dennis,50575,erica,49613,cody,60261,holly,49650,logan,63557,sydney,55747,luis,74281,katelyn,47799,charles,42432,serenity,24221
chris,56376,ann,72093,shane,50295,brenda,48596,jordan,57140,kristina,45943,hunter,60512,kelly,55713,adam,70946,gabriella,47342,angel,41997,stella,23981
bryan,55326,jill,69147,raymond,49368,deborah,47882,peter,56667,patricia,45119,trevor,59928,kristen,53069,lucas,70930,gabrielle,46989,thomas,41739,lucy,23877
gerald,55312,connie,65281,troy,48865,tanya,47834,corey,53607,cassandra,44903,bryan,59734,katelyn,52806,brian,69725,trinity,46828,adrian,41650,maya,23786
wayne,54770,diana,65038,jerry,48366,sharon,47776,keith,52632,brandy,44519,evan,59383,marissa,51211,eric,69434,amanda,46533,robert,40808,sophie,23744
joe,53383,terri,63737,samuel,48118,donna,47359,marcus,51778,whitney,44369,paul,58901,amy,51160,adrian,66065,kylie,46407,brandon,40486,madelyn,23708
randall,52066,suzanne,59767,frank,46922,amber,47068,juan,51401,chelsea,43158,taylor,58392,crystal,51094,nathaniel,64201,mary,46038,austin,39441,genesis,23697
lawrence,51369,andrea,58398,jesse,44910,emily,46866,donald,50846,brandi,42885,kenneth,58246,paige,50547,sean,64093,paige,45543,jaxon,38081,julia,23572
dale,50427,beth,58390,jeffery,44580,robin,45954,ronald,46661,catherine,42417,connor,57376,cassandra,50357,alex,63728,riley,45501,kevin,37047,aria,23499
phillip,50408,janice,57963,juan,43383,linda,45929,phillip,45693,cynthia,41663,dustin,56764,gabrielle,49811,carlos,63133,leah,45364,jose,36715,mackenzie,23410
johnny,49829,valerie,56585,terry,42437,kathleen,44862,george,45683,kathleen,39397,noah,56209,katie,49346,ian,61897,jenna,45279,colton,36355,autumn,23130
vincent,49501,renee,55811,corey,41027,leslie,44837,cory,44349,veronica,39224,carlos,55149,caitlin,49030,bryan,61896,sara,43982,zachary,35921,katherine,22804
martin,49137,leslie,54458,phillip,39855,christy,44591,joel,43557,leslie,38716,devin,55056,lindsey,48970,owen,61844,rebecca,43599,josiah,35262,caroline,22746
bradley,48750,christina,52785,marcus,39498,kristen,44221,shane,43157,natasha,38201,gabriel,54797,destiny,48231,jesus,61275,michelle,43496,dominic,35233,ellie,22413
billy,48458,gina,52366,derek,38361,catherine,43864,douglas,41742,krystal,37492,ian,53989,kathryn,47153,landon,61072,sofia,43350,chase,34504,kennedy,22377
glenn,48097,lynn,51939,rodney,37488,kristin,42393,antonio,41599,stacy,36990,nathaniel,52564,jacqueline,45943,julian,60336,vanessa,43192,ayden,33991,kayla,22095
shawn,47813,annette,51909,joel,37240,misty,42375,raymond,41495,diana,36882,gregory,52071,shannon,45908,chase,57132,jordan,43150,jason,33832,sadie,22036
jonathan,47437,cathy,51626,carlos,36940,barbara,42238,carlos,41467,erika,36841,derek,50739,jenna,45842,cole,56825,angelina,42763,justin,33378,makayla,21680
jimmy,47391,katherine,50647,randy,36554,heidi,42225,brett,41274,dana,36814,corey,50212,angela,45151,diego,56008,caroline,41823,ian,32987,violet,21607
sean,47364,judy,50331,jacob,36396,nancy,41867,gary,40225,jenna,36587,jesus,49100,savannah,44703,jeremiah,55580,avery,41681,parker,32100,lauren,21321
curtis,47250,carla,47891,jamie,36301,cheryl,40403,alex,38678,meghan,36200,scott,49005,mariah,44597,steven,53838,audrey,41494,grayson,31948,faith,21310
barry,47227,anne,47771,tony,35691,theresa,40088,nathaniel,38639,carrie,36083,bradley,48072,alexandria,44091,sebastian,53822,evelyn,40704,adam,31512,gianna,21302
bobby,46393,wanda,47766,russell,35484,brandy,40070,craig,38095,leah,36042,dakota,46646,sierra,43628,xavier,52417,maya,40006,blake,31105,penelope,21226
walter,45934,dana,47708,brent,35413,alicia,39254,ian,37766,melanie,35936,antonio,46535,alicia,43477,timothy,52385,claire,38995,xavier,30848,skylar,21006
jon,44889,joyce,46124,antonio,33240,veronica,38799,luis,37406,brooke,34976,marcus,46464,briana,42796,carter,52295,autumn,38482,cooper,30568,eva,20922
philip,44802,regina,45825,billy,33224,gina,38120,derrick,36343,karen,34909,blake,45858,miranda,42220,wyatt,51319,jocelyn,38363,bentley,29590,alexandra,20912
samuel,44292,beverly,45245,derrick,32870,jacqueline,37966,erik,36329,alexandra,34786,garrett,45316,jamie,41440,brayden,50330,ariana,37965,jace,29068,melanie,20869
jay,42740,monica,45176,kyle,32682,rhonda,37948,casey,35977,valerie,34621,edward,45140,catherine,40750,blake,50069,nevaeh,37850,carson,28458,aubree,20703
jason,42601,bonnie,45091,erik,32105,anna,37754,philip,35703,caitlin,33598,luke,44414,brittney,40029,hayden,50012,arianna,37797,nolan,27922,nora,20593
dean,42552,kathryn,44866,johnny,32040,renee,37605,frank,33576,julia,33337,shawn,42470,breanna,40025,devin,49372,jada,37045,nathaniel,27808,naomi,20582
jose,42034,anita,44398,marc,31839,megan,37374,evan,32477,alyssa,32952,peter,42356,grace,39844,cody,48832,bailey,36846,brody,26832,sydney,20411
tim,41588,sarah,43914,carl,31394,tamara,37072,gabriel,32304,jasmine,32941,seth,42199,monica,38884,richard,48538,brooklyn,36808,hudson,26399,madeline,20288
roy,40037,darlene,43530,philip,31389,melinda,36443,victor,32253,hannah,32685,mitchell,42004,sabrina,38657,seth,48129,aaliyah,36336,tristan,25806,jasmine,20056
willie,39804,jane,43342,roger,29739,kathryn,36439,vincent,32033,stacey,32127,adrian,41969,madeline,36960,dominic,48072,amber,36183,luis,25789,morgan,19912
arthur,39622,sherri,41628,bobby,29080,debra,34628,larry,31280,brittney,31530,victor,41050,caroline,36815,jaden,46234,isabel,36015,juan,25477,kimberly,19788
darryl,39198,martha,41025,brett,28949,sherry,34203,austin,31279,susan,30537,miguel,40986,molly,36551,antonio,46186,mariah,35636,easton,25224,annabelle,19547
henry,39158,anna,40869,danny,28858,allison,34185,brent,31276,margaret,30349,shane,40587,erika,35064,miguel,46057,danielle,35596,kayden,24221,lydia,19421
darrell,38024,colleen,40677,curtis,28824,valerie,33824,seth,31127,sandra,30020,chase,40298,mackenzie,34773,liam,44912,melanie,35208,carlos,23243,jocelyn,19270
allen,37717,vicki,40506,jon,28710,diana,33349,wesley,31085,candice,29846,isaac,40243,leah,34080,patrick,44757,sierra,34496,jaxson,23213,piper,19064
victor,36836,tracey,40293,vincent,27654,paula,32735,dennis,30457,latoya,29535,spencer,38170,diana,33769,carson,44622,erin,33351,asher,22886,bailey,19058
harold,36752,judith,39784,cory,27525,kristina,32650,todd,30322,bethany,29343,lucas,38152,whitney,32883,jesse,43326,molly,33252,cole,22835,paisley,19023
greg,36465,tamara,39004,jimmy,27101,ann,32031,christian,30244,misty,29116,jack,37469,cheyenne,31843,tristan,43261,amelia,33245,jesus,22733,london,18858
albert,36381,gloria,38583,victor,26755,margaret,31960,curtis,29896,katrina,28825,tanner,37387,bailey,31614,alejandro,43088,isabelle,32844,ryder,22453,trinity,18728
jack,35622,betty,38392,lawrence,26680,victoria,30883,jeffery,29575,tracy,28490,angel,36981,christine,31609,henry,42621,madelyn,32604,vincent,22340,ruby,18613
darren,35043,stacey,38265,dustin,26580,cindy,30879,randy,29507,casey,27916,vincent,36699,meghan,31495,victor,40655,melissa,32592,alex,22095,andrea,18180
ronnie,34713,penny,38224,gerald,26171,jodi,30348,jeremiah,28326,kelsey,27748,isaiah,36578,lindsay,31375,trevor,40029,jacqueline,32103,micah,22081,molly,18131
ralph,34183,shirley,38072,walter,25739,natalie,29814,adrian,28123,kara,27503,dalton,35973,angelica,31315,bryce,39863,marissa,32047,max,21882,maria,18026
joel,33834,victoria,37748,alexander,24998,brandi,29070,jesus,27371,nichole,27233,brett,35415,cynthia,31308,jake,39812,shelby,31285,lincoln,21727,mila,17751
louis,33390,jean,37284,joe,24944,suzanne,29037,luke,27029,alison,27013,george,35237,margaret,31281,riley,39591,angela,31277,bryson,21628,eleanor,17435
jim,33202,peggy,37037,christian,24925,kristi,29032,alan,26805,heidi,26375,alejandro,35158,kaitlin,30818,colin,39115,leslie,31042,damian,21521,brooke,17311
micheal,31971,melanie,36753,chris,24886,samantha,28937,trevor,26686,alexis,26310,elijah,34632,alexa,30293,jared,37995,katie,30406,diego,21168,reagan,17131
marc,31387,joan,36682,alan,24825,beth,28865,russell,26646,molly,25884,cory,34158,hailey,30289,jeremy,37455,jade,30265,eric,21138,isabelle,17064
frederick,30786,melinda,36299,shannon,24655,tracey,28754,mario,26384,tina,25837,cole,33850,veronica,29846,mark,37204,catherine,29671,hayden,20838,rylee,16964
eddie,30581,shelly,35661,wayne,24626,regina,28318,lucas,26075,pamela,25739,joel,33789,melanie,29349,caden,36711,diana,29531,elias,20346,payton,16777
lee,30218,stacy,35529,jared,24427,vanessa,28083,jerry,25748,rachael,25665,erik,33594,bianca,28552,garrett,36214,aubrey,29511,miles,20269,natalia,16530
stanley,29996,virginia,35338,gabriel,24407,kristy,27773,miguel,25527,nancy,25476,jake,33089,autumn,28149,parker,35709,mya,28767,maxwell,20167,mariah,16177
tommy,29363,marie,34806,martin,24292,carolyn,27057,carl,25454,jillian,25445,mason,32870,ariel,28136,marcus,35617,amy,28739,bryce,19567,mary,15998
eugene,29315,maureen,34445,jay,23998,yolanda,27029,blake,25389,candace,25163,jorge,32707,kristin,27818,vincent,35251,briana,28702,giovanni,19162,paige,15981
tom,29199,julia,34182,luis,23973,deanna,26986,cameron,24594,denise,25113,dillon,32654,bethany,27748,kaleb,34728,sophie,28668,leo,19072,lilly,15976
tracy,29173,ruth,34179,willie,23969,carla,26848,troy,24536,sabrina,24630,raymond,31675,lisa,27432,kaden,34602,gabriela,28521,mateo,18954,alice,15847
howard,28695,ellen,34143,micheal,23797,sheila,26511,mitchell,24532,gina,24446,colton,30461,kristina,27241,brady,34294,breanna,27985,santiago,18777,nicole,15837
leonard,28436,tonya,34072,henry,23521,laurie,26104,tony,24484,renee,24414,ricardo,29299,holly,27068,colton,34225,gianna,27840,camden,18627,destiny,15742
kurt,28220,shannon,33856,wesley,23270,anne,25602,shaun,24467,jill,24407,casey,29244,leslie,26765,kenneth,34050,kennedy,27558,bryan,18607,mya,15636
marvin,28129,heidi,33745,randall,23036,shelly,25538,terry,24160,kendra,24383,francisco,28711,casey,25895,joel,33635,gracie,27459,timothy,18567,jade,15625
kelly,28014,joanne,33349,brad,22634,diane,25327,johnny,23493,morgan,24285,brendan,28506,chloe,25853,oscar,33525,peyton,27455,antonio,18554,liliana,15575
brent,27175,dorothy,33009,darren,22592,sabrina,24492,martin,23207,brenda,24139,devon,28416,april,25764,josiah,33179,adriana,27388,aidan,18404,jordyn,15258
ernest,26894,gail,32867,roy,22363,janet,24457,ricardo,23075,monique,23887,keith,28368,julie,25422,jorge,33013,christina,27121,jaden,18356,vivian,15106
dwayne,26793,rita,32863,albert,22126,erika,24305,bobby,22021,teresa,23402,colin,28248,claire,25307,cooper,32425,courtney,26962,steven,18203,kaitlyn,14868
aaron,26091,heather,32709,arthur,22114,katrina,24301,allen,21898,krista,22863,wesley,28241,kaylee,25209,ashton,32405,daniela,26627,sawyer,18120,brielle,14732
brett,25854,deanna,32270,ricky,22072,courtney,24001,johnathan,21896,linda,22810,phillip,27962,brenda,24921,tanner,31668,lydia,26286,colin,18102,kendall,14687
rick,25735,holly,32145,lance,21819,colleen,23766,jorge,21715,miranda,22718,oscar,27870,kathleen,24844,eduardo,31388,kathryn,26258,leonardo,18097,clara,14641
benjamin,25648,rose,31856,allen,21691,carol,23483,devin,21701,robin,22694,julian,27652,rachael,24513,paul,30884,valeria,26198,ivan,18049,angelina,14567
bill,25148,vickie,31764,lee,21576,julia,23424,andre,21576,dawn,22406,johnathan,27256,karen,24507,edward,30767,layla,26181,ashton,17983,hadley,14403
reginald,24924,carrie,31169,bruce,21144,jenny,22901,henry,20716,kristy,22385,eduardo,27217,sophia,24490,ivan,30660,alexandria,25898,kaleb,17846,eliana,14374
duane,23764,veronica,30022,andre,21138,jaime,22771,billy,20649,theresa,22382,chad,27106,patricia,24117,preston,30307,natalia,25502,miguel,17741,rachel,14364
juan,23464,yvonne,29949,mario,20952,kathy,22709,caleb,20636,tanya,22298,donald,26754,gabriela,24078,maxwell,30042,angel,25402,richard,17719,isabel,14243
fred,23201,becky,29598,frederick,20740,felicia,22329,marc,20519,wendy,22270,bryce,26752,kendra,23968,alan,29627,laura,24957,braxton,17507,valentina,13989
melvin,23083,helen,29090,louis,20161,alison,22076,garrett,20472,melinda,22211,ronald,26677,dominique,23642,levi,29252,charlotte,24234,jonah,17252,elena,13958
adam,22967,sylvia,28593,darrell,20082,lauren,21850,ricky,20153,joanna,22197,alec,25905,kara,23510,stephen,28861,margaret,23893,kaden,17212,gabrielle,13892
norman,22752,yolanda,28430,damon,20064,kelli,21542,kristopher,20068,anne,22107,dominic,25629,ana,23509,grant,28402,cheyenne,23880,roman,17210,vanessa,13772
dan,22719,april,28302,shaun,19321,leah,21157,francisco,20066,felicia,21940,grant,25450,desiree,23491,nicolas,28250,mikayla,23718,brian,17163,cora,13748
mitchell,22695,terry,27639,nathaniel,19197,ashley,21071,danny,20008,desiree,21813,martin,25321,tara,23364,omar,28145,miranda,23715,kyle,17115,hazel,13719
harry,22669,elaine,27467,zachary,19087,kim,20697,manuel,19977,jaclyn,21798,henry,25196,michaela,23165,dakota,28135,naomi,23673,riley,17027,katelyn,13636
jesse,22618,sheri,27326,casey,18999,traci,20679,lee,19780,alisha,21747,mario,24566,brandi,22956,alexis,28018,kelsey,23372,alejandro,16886,lyla,13630
nicholas,22410,marilyn,26999,adrian,18918,kristine,20547,lawrence,19629,lori,21645,xavier,24284,carly,22788,george,27989,payton,23364,victor,16872,aurora,13616
carlos,22397,alice,26953,jesus,18803,tricia,20525,jonathon,19581,tamara,21226,manuel,24162,kylie,22726,eli,27815,ana,23170,preston,16860,valeria,13470
jerome,22303,jodi,26875,jeremiah,18781,joy,20120,jimmy,19519,marissa,21103,alan,24078,karina,22608,collin,27814,alicia,23124,joel,16837,jessica,13455
kirk,22229,rachel,26802,jack,18612,krista,19809,lance,19449,kelli,21049,derrick,23979,adriana,22333,spencer,27431,jillian,22809,kaiden,16765,quinn,13341
ray,22189,sheryl,26057,ronnie,18270,kara,19765,taylor,19410,lacey,20772,frank,23949,valerie,22007,gage,27391,daisy,22784,wesley,16712,sara,13270
don,22128,jackie,25893,dale,18076,terri,19600,randall,19327,abigail,20643,tristan,23905,caitlyn,21986,max,27350,mckenzie,22544,patrick,16574,amy,13151
calvin,21899,jamie,25703,tyrone,17920,sonya,19473,micheal,18732,christy,20225,collin,23747,natasha,21966,cristian,27176,ashlyn,22455,jesse,16236,delilah,13129
glen,21892,phyllis,25697,manuel,17687,aimee,19409,mathew,18619,jenny,19714,omar,23711,hayley,21854,ricardo,27172,sabrina,22324,marcus,16191,mckenzie,13122
brad,21371,frances,24991,ricardo,17655,natasha,19331,albert,18497,tabitha,19574,jeremiah,23638,rebekah,20918,derek,27004,caitlin,22284,declan,16180,brooklynn,12993
theodore,21308,crystal,24973,harold,17607,cassandra,19027,jamie,18410,colleen,19461,jackson,23583,jocelyn,20876,micah,26992,summer,22162,edward,16013,reese,12981
karl,21196,joann,24872,kelly,17326,bridget,18871,isaac,18360,meredith,19196,troy,22818,cassidy,20658,brody,26678,ruby,21995,axel,15926,laila,12842
derrick,21194,eileen,24868,barry,17267,anita,18831,roger,17992,barbara,19120,edgar,22197,jade,20392,francisco,26492,rylee,21939,sean,15868,aliyah,12723
edwin,20637,shelley,24854,ian,17215,kari,18749,rodney,17870,angelica,19071,javier,22095,gabriella,20162,nolan,26363,valerie,21939,ezra,15727,adriana,12604
earl,20373,toni,24840,reginald,17196,nichole,18515,roberto,17812,carolyn,18633,douglas,21963,makayla,20077,ayden,26273,skylar,21864,jake,15724,gracie,12557
lance,20050,charlene,24622,glenn,16896,christie,18178,jon,17704,rebekah,18315,clayton,21809,daisy,19987,dalton,26162,lindsey,21632,silas,15695,juliana,12511
francis,19348,kristin,24351,ernest,16765,marie,18137,colin,17666,ebony,18261,jonathon,21424,jillian,19725,shane,26103,kelly,21609,george,15590,josephine,12112
clifford,19274,sally,24348,steve,16666,virginia,18050,walter,17566,deanna,18151,nicolas,21204,alison,19724,peter,26099,genesis,21422,jeremy,15581,michelle,11925
kent,19262,charlotte,24234,seth,16591,connie,17958,clinton,17529,tonya,17985,andre,21084,audrey,19524,damian,26006,zoey,21371,brady,15568,willow,11741
derek,19035,kristine,24124,eugene,16551,martha,17917,louis,17344,caroline,17935,maxwell,20907,faith,19519,jeffrey,25900,eva,21330,caden,15513,rebecca,11673
wesley,18810,jeanne,23547,clinton,16354,carmen,17874,clayton,16922,kristi,17706,ivan,20499,angel,19497,brendan,25827,sadie,21283,emmanuel,15229,eden,11603
alfred,18653,sara,23046,miguel,16323,stacie,17834,willie,16893,kari,17544,philip,20454,nancy,19483,travis,25713,alexia,21218,jude,14979,makenzie,11562
antonio,18573,tanya,23031,tommy,16178,lynn,17617,arthur,16781,michele,17260,levi,20320,dana,19280,fernando,25137,cassidy,21162,grant,14946,ariel,11507
warren,18564,belinda,22948,eddie,15874,katie,17476,chase,16550,brianna,17131,sergio,20112,krystal,19077,peyton,24949,kylee,21148,alan,14696,valerie,11504
andre,18116,carmen,22873,leonard,15816,monique,17473,joe,16507,bridget,17098,roberto,20048,alejandra,18997,conner,24907,kendall,21020,greyson,14651,elise,11456
clarence,17505,sandy,22711,maurice,15232,kristie,17370,jack,15902,angel,16740,darius,19662,ariana,18857,andres,24755,jordyn,20984,theodore,14588,kinsley,11427
bernard,17470,evelyn,22579,roberto,15136,shelley,17284,jay,15815,marie,16527,andres,19627,summer,18802,javier,24613,kate,20759,harrison,14461,stephanie,11373
kyle,16607,alicia,22429,dwayne,14810,sherri,17086,angel,15787,sharon,16498,cristian,19524,isabella,18749,giovanni,24209,jayla,20728,maddox,14382,kylee,11339
tyrone,16424,sonya,22292,jerome,14791,angel,16817,calvin,15775,tasha,16258,hector,19480,mikayla,18742,shawn,24157,karen,20591,weston,14356,jennifer,11298
manuel,16041,lorraine,22242,ralph,14759,bonnie,16679,ross,15710,sheena,16255,fernando,19428,raven,18499,braden,24062,tiffany,20168,malachi,14272,izabella,11252
chad,15922,yvette,22090,marvin,14739,mandy,16247,darren,15693,meagan,16249,drew,19325,katrina,18396,jonah,23683,cassandra,20121,oscar,14070,jayla,11118
luis,15908,jeanette,22087,francisco,14649,jody,16227,oscar,15648,jaime,16213,curtis,19198,kiara,17821,bradley,23599,juliana,20055,cayden,13796,catherine,11028
gordon,15833,loretta,22070,jorge,14638,shawna,16184,drew,15583,cindy,16017,gary,19187,sandra,17619,cesar,23587,reagan,19967,brantley,13677,ximena,11015
dave,15773,joy,21755,neil,14055,kerry,16127,maurice,15572,priscilla,16004,riley,18834,meagan,17105,emmanuel,23520,caitlyn,19771,bradley,13455,melody,10982
nathan,15536,sue,21606,alex,14033,annette,16055,gerald,15510,ann,15929,johnny,18456,lydia,16933,manuel,23425,giselle,19711,mark,13453,margaret,10971
guy,15361,norma,21511,dean,13906,yvonne,15994,alejandro,15288,ashlee,15849,max,18204,kirsten,16882,edgar,22575,serenity,19590,kenneth,13167,ivy,10852
kerry,15291,roberta,21096,kristopher,13892,toni,15901,spencer,15173,stefanie,15829,dennis,18088,chelsey,16837,mario,22404,alondra,19490,jayce,13064,daisy,10842
daryl,15260,vanessa,20991,calvin,13825,meredith,15850,hector,15095,cassie,15758,malik,17946,zoe,16788,erik,22399,lucy,19366,nicolas,12936,alaina,10717
leroy,15221,shari,20517,kurt,13674,molly,15728,ruben,14846,adrienne,15670,wyatt,17930,monique,16764,edwin,22046,bianca,18904,emmett,12919,lila,10717
perry,15127,jo,20199,theodore,13582,kendra,15666,wayne,14741,tammy,15649,cesar,17834,claudia,16504,johnathan,21885,kiara,18899,gage,12918,adalyn,10679
lonnie,15123,natalie,19566,ruben,13547,joanna,15274,brendan,14584,ana,15502,edwin,17465,mallory,16469,devon,21604,crystal,18884,abraham,12808,summer,10622
erik,14765,tammie,19345,jermaine,13527,sonia,15205,grant,14510,beth,15372,gavin,17274,joanna,16276,erick,21419,erica,18851,ezekiel,12771,giselle,10446
maurice,14643,traci,18703,tracy,13419,janice,14839,javier,14476,dominique,15097,preston,17080,deanna,16218,wesley,21058,angelica,18675,kai,12656,luna,10358
marcus,14571,gwendolyn,18635,edwin,13364,robyn,14684,bruce,14328,latasha,15034,marco,16994,isabel,16097,oliver,20914,hope,18659,kingston,12652,julianna,10328
alvin,14500,nicole,18567,stanley,13226,brooke,14520,roy,14296,cristina,15022,allen,16931,ashlee,15976,trenton,20881,chelsea,18010,abel,12579,alana,10324
gilbert,14428,felicia,18555,melvin,13133,kerri,14447,dylan,14165,mallory,14995,ruben,16921,felicia,15641,hector,20861,alana,17912,jase,12555,londyn,10267
vernon,14411,melody,18471,howard,12996,sheri,14397,logan,13983,virginia,14990,calvin,16850,marisa,15534,malachi,20739,liliana,17601,tucker,12499,hayden,10242
alexander,14219,tami,18444,mitchell,12992,becky,14310,edwin,13904,deborah,14778,mathew,16796,mercedes,15290,jalen,20441,brittany,17554,jameson,12349,ryleigh,10136
stuart,13968,shelia,18443,duane,12412,gloria,14215,omar,13670,audrey,14657,randy,16781,mckenzie,15284,raymond,20361,camila,17548,devin,12220,daniela,10109
rickey,13940,marcia,18424,trevor,12369,mindy,14022,brad,13573,katelyn,14643,brent,16624,jasmin,15232,gregory,20051,makenzie,17463,paul,12177,angela,10069
shane,13938,doris,18188,jeff,12270,tracie,13795,reginald,13497,regina,14578,jerry,16566,krista,15212,abraham,19812,lilly,17240,derek,12162,isla,9994
franklin,13893,kristen,18046,geoffrey,12189,angie,13784,fernando,13185,carla,14447,hayden,16343,yesenia,15168,elias,19605,veronica,17220,rylan,12152,alivia,9964
leon,13823,audrey,17872,hector,12136,kellie,13671,darrell,13161,cheryl,14319,alexis,16255,diamond,15158,leonardo,19473,abby,17204,calvin,12132,adalynn,9959
gregg,13794,karla,17716,terrence,11914,claudia,13606,sergio,13140,olivia,14027,brady,16230,evelyn,15121,sergio,19433,jazmin,17190,peyton,12058,emery,9795
bob,13786,jody,17669,terrance,11892,ruth,13429,frederick,13051,autumn,13825,parker,16230,cindy,15042,donovan,19309,adrianna,17164,tanner,12039,melissa,9788
darin,13742,glenda,17590,oscar,11848,wanda,13286,julian,12922,jordan,13785,tony,16133,selena,15037,colby,19173,delaney,17074,avery,12024,kate,9746
leslie,13721,patty,17521,jaime,11801,jeanette,12971,jaime,12846,claudia,13784,pedro,16126,brandy,14905,marco,19106,karina,17074,everett,11964,gabriela,9638
herbert,13700,amanda,17181,clifford,11765,cathy,12944,jermaine,12803,nina,13622,craig,16104,gina,14878,bryson,19047,ellie,17016,bennett,11905,keira,9633
gene,13699,pam,17109,harry,11657,adrienne,12796,geoffrey,12725,taylor,13615,larry,15941,mia,14618,martin,18738,jasmin,16896,ryker,11857,norah,9554